date,total_admission,total_cases,new_cases,season,national_lockdown,first_vaccine,second_vaccine
31/01/2020,NA,2,2,winter,0,0,0
01/02/2020,NA,2,0,winter,0,0,0
02/02/2020,NA,2,0,winter,0,0,0
03/02/2020,NA,8,6,winter,0,0,0
04/02/2020,NA,8,0,winter,0,0,0
05/02/2020,NA,9,1,winter,0,0,0
06/02/2020,NA,9,0,winter,0,0,0
07/02/2020,NA,9,0,winter,0,0,0
08/02/2020,NA,13,4,winter,0,0,0
09/02/2020,NA,14,1,winter,0,0,0
10/02/2020,NA,14,0,winter,0,0,0
11/02/2020,NA,15,1,winter,0,0,0
12/02/2020,NA,16,1,winter,0,0,0
13/02/2020,NA,17,1,winter,0,0,0
14/02/2020,NA,18,1,winter,0,0,0
15/02/2020,NA,18,0,winter,0,0,0
16/02/2020,NA,18,0,winter,0,0,0
17/02/2020,NA,19,1,winter,0,0,0
18/02/2020,NA,19,0,winter,0,0,0
19/02/2020,NA,20,1,winter,0,0,0
20/02/2020,NA,22,2,winter,0,0,0
21/02/2020,NA,23,1,winter,0,0,0
22/02/2020,NA,23,0,winter,0,0,0
23/02/2020,NA,28,5,winter,0,0,0
24/02/2020,NA,30,2,winter,0,0,0
25/02/2020,NA,34,4,winter,0,0,0
26/02/2020,NA,37,3,winter,0,0,0
27/02/2020,NA,44,7,winter,0,0,0
28/02/2020,NA,56,12,winter,0,0,0
29/02/2020,NA,61,5,winter,0,0,0
01/03/2020,NA,94,33,spring,0,0,0
02/03/2020,NA,134,40,spring,0,0,0
03/03/2020,NA,189,55,spring,0,0,0
04/03/2020,NA,246,57,spring,0,0,0
05/03/2020,NA,295,49,spring,0,0,0
06/03/2020,NA,374,79,spring,0,0,0
07/03/2020,NA,429,55,spring,0,0,0
08/03/2020,NA,483,54,spring,0,0,0
09/03/2020,NA,630,147,spring,0,0,0
10/03/2020,NA,889,259,spring,0,0,0
11/03/2020,NA,1301,412,spring,0,0,0
12/03/2020,NA,1790,489,spring,0,0,0
13/03/2020,NA,2270,480,spring,0,0,0
14/03/2020,NA,2634,364,spring,0,0,0
15/03/2020,NA,3077,443,spring,0,0,0
16/03/2020,NA,3692,615,spring,0,0,0
17/03/2020,NA,4462,770,spring,0,0,0
18/03/2020,NA,5468,1006,spring,0,0,0
19/03/2020,52,6534,1066,spring,0,0,0
20/03/2020,132,7792,1258,spring,0,0,0
21/03/2020,158,9007,1215,spring,0,0,0
22/03/2020,102,10395,1388,spring,0,0,0
23/03/2020,139,12744,2349,spring,1,0,0
24/03/2020,151,15126,2382,spring,1,0,0
25/03/2020,189,17843,2717,spring,1,0,0
26/03/2020,205,20970,3127,spring,1,0,0
27/03/2020,262,24219,3249,spring,1,0,0
28/03/2020,283,27062,2843,spring,1,0,0
29/03/2020,317,29954,2892,spring,1,0,0
30/03/2020,420,34281,4327,spring,1,0,0
31/03/2020,358,38815,4534,spring,1,0,0
01/04/2020,517,43789,4974,spring,1,0,0
02/04/2020,430,48718,4929,spring,1,0,0
03/04/2020,411,53699,4981,spring,1,0,0
04/04/2020,406,57772,4073,spring,1,0,0
05/04/2020,409,61422,3650,spring,1,0,0
06/04/2020,401,66738,5316,spring,1,0,0
07/04/2020,480,72224,5486,spring,1,0,0
08/04/2020,531,77387,5163,spring,1,0,0
09/04/2020,376,82293,4906,spring,1,0,0
10/04/2020,371,86660,4367,spring,1,0,0
11/04/2020,353,90273,3613,spring,1,0,0
12/04/2020,325,93812,3539,spring,1,0,0
13/04/2020,351,98017,4205,spring,1,0,0
14/04/2020,334,102365,4348,spring,1,0,0
15/04/2020,277,107465,5100,spring,1,0,0
16/04/2020,289,112808,5343,spring,1,0,0
17/04/2020,359,117798,4990,spring,1,0,0
18/04/2020,311,122534,4736,spring,1,0,0
19/04/2020,224,126394,3860,spring,1,0,0
20/04/2020,284,131260,4866,spring,1,0,0
21/04/2020,291,136035,4775,spring,1,0,0
22/04/2020,305,141540,5505,spring,1,0,0
23/04/2020,266,146708,5168,spring,1,0,0
24/04/2020,293,151689,4981,spring,1,0,0
25/04/2020,249,155453,3764,spring,1,0,0
26/04/2020,243,158926,3473,spring,1,0,0
27/04/2020,341,163630,4704,spring,1,0,0
28/04/2020,327,168357,4727,spring,1,0,0
29/04/2020,332,173807,5450,spring,1,0,0
30/04/2020,294,178771,4964,spring,1,0,0
01/05/2020,277,183501,4730,spring,1,0,0
02/05/2020,235,186731,3230,spring,1,0,0
03/05/2020,218,189708,2977,spring,1,0,0
04/05/2020,285,193091,3383,spring,1,0,0
05/05/2020,286,196780,3689,spring,1,0,0
06/05/2020,263,200616,3836,spring,1,0,0
07/05/2020,276,204387,3771,spring,1,0,0
08/05/2020,230,207439,3052,spring,1,0,0
09/05/2020,230,209589,2150,spring,1,0,0
10/05/2020,179,211911,2322,spring,0,0,0
11/05/2020,218,215500,3589,spring,0,0,0
12/05/2020,272,218895,3395,spring,0,0,0
13/05/2020,278,222195,3300,spring,0,0,0
14/05/2020,248,224813,2618,spring,0,0,0
15/05/2020,259,227334,2521,spring,0,0,0
16/05/2020,192,229406,2072,spring,0,0,0
17/05/2020,153,231232,1826,spring,0,0,0
18/05/2020,202,233809,2577,spring,0,0,0
19/05/2020,230,236867,3058,spring,0,0,0
20/05/2020,222,239579,2712,spring,0,0,0
21/05/2020,222,242133,2554,spring,0,0,0
22/05/2020,249,244174,2041,spring,0,0,0
23/05/2020,167,245682,1508,spring,0,0,0
24/05/2020,153,247037,1355,spring,0,0,0
25/05/2020,170,248650,1613,spring,0,0,0
26/05/2020,182,250309,1659,spring,0,0,0
27/05/2020,188,252118,1809,spring,0,0,0
28/05/2020,179,253854,1736,spring,0,0,0
29/05/2020,195,255362,1508,spring,0,0,0
30/05/2020,130,256469,1107,spring,0,0,0
31/05/2020,107,257539,1070,spring,0,0,0
01/06/2020,169,258983,1444,summer,0,0,0
02/06/2020,194,260453,1470,summer,0,0,0
03/06/2020,200,261802,1349,summer,0,0,0
04/06/2020,191,263040,1238,summer,0,0,0
05/06/2020,178,264150,1110,summer,0,0,0
06/06/2020,110,264944,794,summer,0,0,0
07/06/2020,112,265662,718,summer,0,0,0
08/06/2020,125,266756,1094,summer,0,0,0
09/06/2020,149,267915,1159,summer,0,0,0
10/06/2020,143,269101,1186,summer,0,0,0
11/06/2020,115,270108,1007,summer,0,0,0
12/06/2020,110,271162,1054,summer,0,0,0
13/06/2020,98,272050,888,summer,0,0,0
14/06/2020,85,272857,807,summer,0,0,0
15/06/2020,144,273888,1031,summer,0,0,0
16/06/2020,133,274971,1083,summer,0,0,0
17/06/2020,147,275970,999,summer,0,0,0
18/06/2020,137,276990,1020,summer,0,0,0
19/06/2020,119,277974,984,summer,0,0,0
20/06/2020,71,278640,666,summer,0,0,0
21/06/2020,77,279264,624,summer,0,0,0
22/06/2020,141,280156,892,summer,0,0,0
23/06/2020,112,281038,882,summer,0,0,0
24/06/2020,105,281815,777,summer,0,0,0
25/06/2020,119,282512,697,summer,0,0,0
26/06/2020,123,283151,639,summer,0,0,0
27/06/2020,97,283785,634,summer,0,0,0
28/06/2020,47,284192,407,summer,0,0,0
29/06/2020,73,284812,620,summer,0,0,0
30/06/2020,79,285216,404,summer,0,0,0
01/07/2020,78,285279,63,summer,0,0,0
02/07/2020,74,285285,6,summer,0,0,0
03/07/2020,72,285787,502,summer,0,0,0
04/07/2020,47,286412,625,summer,0,0,0
05/07/2020,48,286931,519,summer,0,0,0
06/07/2020,67,287290,359,summer,0,0,0
07/07/2020,59,287874,584,summer,0,0,0
08/07/2020,64,288511,637,summer,0,0,0
09/07/2020,63,289154,643,summer,0,0,0
10/07/2020,48,289678,524,summer,0,0,0
11/07/2020,36,290504,826,summer,0,0,0
12/07/2020,29,291154,650,summer,0,0,0
13/07/2020,48,291691,537,summer,0,0,0
14/07/2020,52,292931,1240,summer,0,0,0
15/07/2020,53,293469,538,summer,0,0,0
16/07/2020,52,294116,647,summer,0,0,0
17/07/2020,52,294803,687,summer,0,0,0
18/07/2020,21,295632,829,summer,0,0,0
19/07/2020,31,296358,726,summer,0,0,0
20/07/2020,37,296944,586,summer,0,0,0
21/07/2020,21,297389,445,summer,0,0,0
22/07/2020,30,297952,563,summer,0,0,0
23/07/2020,40,298731,779,summer,0,0,0
24/07/2020,38,299500,769,summer,0,0,0
25/07/2020,23,300270,770,summer,0,0,0
26/07/2020,14,301020,750,summer,0,0,0
27/07/2020,33,301708,688,summer,0,0,0
28/07/2020,27,302261,553,summer,0,0,0
29/07/2020,21,303063,802,summer,0,0,0
30/07/2020,23,303910,847,summer,0,0,0
31/07/2020,22,304793,883,summer,0,0,0
01/08/2020,25,305562,769,summer,0,0,0
02/08/2020,13,306309,747,summer,0,0,0
03/08/2020,17,307251,942,summer,0,0,0
04/08/2020,15,307926,675,summer,0,0,0
05/08/2020,20,308832,906,summer,0,0,0
06/08/2020,21,309796,964,summer,0,0,0
07/08/2020,20,310696,900,summer,0,0,0
08/08/2020,33,311461,765,summer,0,0,0
09/08/2020,16,312574,1113,summer,0,0,0
10/08/2020,15,313392,818,summer,0,0,0
11/08/2020,14,314542,1150,summer,0,0,0
12/08/2020,14,315581,1039,summer,0,0,0
13/08/2020,31,316729,1148,summer,0,0,0
14/08/2020,19,318190,1461,summer,0,0,0
15/08/2020,12,319232,1042,summer,0,0,0
16/08/2020,11,320343,1111,summer,0,0,0
17/08/2020,15,321064,721,summer,0,0,0
18/08/2020,16,322177,1113,summer,0,0,0
19/08/2020,21,323008,831,summer,0,0,0
20/08/2020,19,324203,1195,summer,0,0,0
21/08/2020,16,325263,1060,summer,0,0,0
22/08/2020,7,326595,1332,summer,0,0,0
23/08/2020,10,327643,1048,summer,0,0,0
24/08/2020,19,328620,977,summer,0,0,0
25/08/2020,16,329821,1201,summer,0,0,0
26/08/2020,25,330967,1146,summer,0,0,0
27/08/2020,15,332509,1542,summer,0,0,0
28/08/2020,14,333806,1297,summer,0,0,0
29/08/2020,13,334916,1110,summer,0,0,0
30/08/2020,9,336668,1752,summer,0,0,0
31/08/2020,15,338083,1415,summer,0,0,0
01/09/2020,13,339415,1332,autumn,0,0,0
02/09/2020,21,340929,1514,autumn,0,0,0
03/09/2020,22,342708,1779,autumn,0,0,0
04/09/2020,18,344686,1978,autumn,0,0,0
05/09/2020,26,346513,1827,autumn,0,0,0
06/09/2020,23,349500,2987,autumn,0,0,0
07/09/2020,23,352453,2953,autumn,0,0,0
08/09/2020,23,354934,2481,autumn,0,0,0
09/09/2020,31,357615,2681,autumn,0,0,0
10/09/2020,31,360546,2931,autumn,0,0,0
11/09/2020,32,364090,3544,autumn,0,0,0
12/09/2020,21,367594,3504,autumn,0,0,0
13/09/2020,27,370932,3338,autumn,0,0,0
14/09/2020,31,373557,2625,autumn,0,0,0
15/09/2020,56,376672,3115,autumn,0,0,0
16/09/2020,28,380679,4007,autumn,0,0,0
17/09/2020,40,384089,3410,autumn,0,0,0
18/09/2020,44,388418,4329,autumn,0,0,0
19/09/2020,39,392847,4429,autumn,0,0,0
20/09/2020,33,396746,3899,autumn,0,0,0
21/09/2020,42,401124,4378,autumn,0,0,0
22/09/2020,52,406060,4936,autumn,0,0,0
23/09/2020,58,412247,6187,autumn,0,0,0
24/09/2020,65,418891,6644,autumn,0,0,0
25/09/2020,56,425769,6878,autumn,0,0,0
26/09/2020,56,431819,6050,autumn,0,0,0
27/09/2020,45,437519,5700,autumn,0,0,0
28/09/2020,58,441575,4056,autumn,0,0,0
29/09/2020,79,448731,7156,autumn,0,0,0
30/09/2020,59,455848,7117,autumn,0,0,0
01/10/2020,59,462777,6929,autumn,0,0,0
02/10/2020,77,469771,6994,autumn,0,0,0
03/10/2020,77,482656,12885,autumn,0,0,0
04/10/2020,82,505621,22965,autumn,0,0,0
05/10/2020,101,518224,12603,autumn,0,0,0
06/10/2020,101,532781,14557,autumn,0,0,0
07/10/2020,103,546954,14173,autumn,0,0,0
08/10/2020,111,564504,17550,autumn,0,0,0
09/10/2020,119,578392,13888,autumn,0,0,0
10/10/2020,98,593567,15175,autumn,0,0,0
11/10/2020,115,606449,12882,autumn,0,0,0
12/10/2020,126,620460,14011,autumn,0,0,0
13/10/2020,162,637710,17250,autumn,0,0,0
14/10/2020,127,657461,19751,autumn,0,0,0
15/10/2020,163,676457,18996,autumn,0,0,0
16/10/2020,155,692114,15657,autumn,0,0,0
17/10/2020,151,708300,16186,autumn,0,0,0
18/10/2020,144,725294,16994,autumn,0,0,0
19/10/2020,200,744124,18830,autumn,0,0,0
20/10/2020,206,765489,21365,autumn,0,0,0
21/10/2020,200,792196,26707,autumn,0,0,0
22/10/2020,218,813453,21257,autumn,0,0,0
23/10/2020,269,834012,20559,autumn,0,0,0
24/10/2020,222,857045,23033,autumn,0,0,0
25/10/2020,257,876842,19797,autumn,0,0,0
26/10/2020,269,897742,20900,autumn,0,0,0
27/10/2020,292,920666,22924,autumn,0,0,0
28/10/2020,295,945380,24714,autumn,0,0,0
29/10/2020,323,968458,23078,autumn,0,0,0
30/10/2020,322,992876,24418,autumn,0,0,0
31/10/2020,333,1014795,21919,autumn,0,0,0
01/11/2020,253,1038056,23261,autumn,0,0,0
02/11/2020,287,1057023,18967,autumn,0,0,0
03/11/2020,245,1077101,20078,autumn,0,0,0
04/11/2020,296,1102307,25206,autumn,0,0,0
05/11/2020,314,1126471,24164,autumn,1,0,0
06/11/2020,325,1149793,23322,autumn,1,0,0
07/11/2020,327,1174772,24979,autumn,1,0,0
08/11/2020,284,1195352,20580,autumn,1,0,0
09/11/2020,323,1216749,21397,autumn,1,0,0
10/11/2020,358,1237200,20451,autumn,1,0,0
11/11/2020,357,1260200,23000,autumn,1,0,0
12/11/2020,394,1293717,33517,autumn,1,0,0
13/11/2020,396,1321033,27316,autumn,1,0,0
14/11/2020,365,1347909,26876,autumn,1,0,0
15/11/2020,338,1372886,24977,autumn,1,0,0
16/11/2020,403,1394302,21416,autumn,1,0,0
17/11/2020,393,1414362,20060,autumn,1,0,0
18/11/2020,419,1434007,19645,autumn,1,0,0
19/11/2020,429,1456943,22936,autumn,1,0,0
20/11/2020,391,1477217,20274,autumn,1,0,0
21/11/2020,298,1497138,19921,autumn,1,0,0
22/11/2020,304,1515805,18667,autumn,1,0,0
23/11/2020,343,1531270,15465,autumn,1,0,0
24/11/2020,323,1542614,11344,autumn,1,0,0
25/11/2020,351,1560875,18261,autumn,1,0,0
26/11/2020,362,1578432,17557,autumn,1,0,0
27/11/2020,328,1593253,14821,autumn,1,0,0
28/11/2020,258,1609144,15891,autumn,1,0,0
29/11/2020,232,1621308,12164,autumn,1,0,0
30/11/2020,277,1633736,12428,autumn,1,0,0
01/12/2020,304,1647233,13497,winter,1,0,0
02/12/2020,314,1663470,16237,winter,1,0,0
03/12/2020,338,1678421,14951,winter,0,0,0
04/12/2020,368,1694803,16382,winter,0,0,0
05/12/2020,304,1710382,15579,winter,0,0,0
06/12/2020,226,1727754,17372,winter,0,0,0
07/12/2020,302,1742528,14774,winter,0,0,0
08/12/2020,321,1754914,12386,winter,0,0,0
09/12/2020,343,1771548,16634,winter,0,0,0
10/12/2020,370,1792614,21066,winter,0,0,0
11/12/2020,424,1814398,21784,winter,0,0,0
12/12/2020,346,1835952,21554,winter,0,0,0
13/12/2020,328,1854493,18541,winter,0,0,0
14/12/2020,369,1874870,20377,winter,0,0,0
15/12/2020,412,1893439,18569,winter,0,0,0
16/12/2020,403,1918739,25300,winter,0,0,0
17/12/2020,441,1954271,35532,winter,0,0,0
18/12/2020,455,1982831,28560,winter,0,0,0
19/12/2020,469,2010080,27249,winter,0,0,0
20/12/2020,463,2046164,36084,winter,0,0,0
21/12/2020,497,2079681,33517,winter,0,0,0
22/12/2020,571,2116612,36931,winter,0,0,0
23/12/2020,612,2155999,39387,winter,0,0,0
24/12/2020,586,2195148,39149,winter,0,0,0
25/12/2020,453,2227951,32803,winter,0,0,0
26/12/2020,597,2262739,34788,winter,0,0,0
27/12/2020,666,2295232,32493,winter,0,0,0
28/12/2020,706,2336692,41460,winter,0,0,0
29/12/2020,831,2389967,53275,winter,0,0,0
30/12/2020,820,2440206,50239,winter,0,0,0
31/12/2020,750,2496235,56029,winter,0,0,0
01/01/2021,796,2549693,53458,winter,0,0,0
02/01/2021,848,2607546,57853,winter,0,0,0
03/01/2021,880,2662703,55157,winter,0,0,0
04/01/2021,885,2721626,58923,winter,0,0,0
05/01/2021,1022,2782713,61087,winter,0,0,0
06/01/2021,1179,2845269,62556,winter,1,0,0
07/01/2021,1195,2898056,52787,winter,1,0,0
08/01/2021,1162,2966248,68192,winter,1,0,0
09/01/2021,1079,3026346,60098,winter,1,0,0
10/01/2021,1056,3081372,55026,winter,1,0,0
11/01/2021,1165,3127647,46275,winter,1,145076,20768
12/01/2021,1242,3173295,45648,winter,1,207661,16065
13/01/2021,1172,3220957,47662,winter,1,278943,9745
14/01/2021,1312,3269761,48804,winter,1,316694,5257
15/01/2021,1257,3325646,55885,winter,1,341317,4208
16/01/2021,1150,3367074,41428,winter,1,296131,2620
17/01/2021,1102,3405744,38670,winter,1,190107,2239
18/01/2021,1139,3443354,37610,winter,1,204076,4565
19/01/2021,1350,3476808,33454,winter,1,343163,3759
20/01/2021,1293,3515800,38992,winter,1,363508,3411
21/01/2021,1201,3553777,37977,winter,1,409855,2760
22/01/2021,1140,3594098,40321,winter,1,478248,1821
23/01/2021,1075,3627750,33652,winter,1,491970,1043
24/01/2021,951,3657861,30111,winter,1,220249,818
25/01/2021,881,3680105,22244,winter,1,279757,1968
26/01/2021,911,3700272,20167,winter,1,311060,1710
27/01/2021,983,3725641,25369,winter,1,312378,2329
28/01/2021,992,3754452,28811,winter,1,414419,1769
29/01/2021,1015,3783597,29145,winter,1,487756,2178
30/01/2021,886,3806997,23400,winter,1,598389,10621
31/01/2021,757,3828187,21190,winter,1,319038,3156
01/02/2021,805,3846855,18668,winter,1,350348,2587
02/02/2021,817,3863761,16906,winter,1,374756,2166
03/02/2021,798,3882976,19215,winter,1,469016,2995
04/02/2021,758,3903710,20734,winter,1,480560,4036
05/02/2021,733,3922914,19204,winter,1,494163,4064
06/02/2021,631,3941277,18363,winter,1,549808,1662
07/02/2021,585,3957181,15904,winter,1,278988,862
08/02/2021,583,3971319,14138,winter,1,352480,3811
09/02/2021,529,3983760,12441,winter,1,411812,3161
10/02/2021,567,3996837,13077,winter,1,450810,4894
11/02/2021,585,4010380,13543,winter,1,503116,5647
12/02/2021,506,4025578,15198,winter,1,544603,4775
13/02/2021,447,4038933,13355,winter,1,505362,2846
14/02/2021,421,4049924,10991,winter,1,237962,1915
15/02/2021,468,4059700,9776,winter,1,275956,6535
16/02/2021,469,4070336,10636,winter,1,364865,12412
17/02/2021,460,4083096,12760,winter,1,482110,15147
18/02/2021,450,4095191,12095,winter,1,452454,15867
19/02/2021,448,4107290,12099,winter,1,371906,15294
20/02/2021,354,4117743,10453,winter,1,334679,10263
21/02/2021,354,4127578,9835,winter,1,141719,9177
22/02/2021,335,4138237,10659,winter,1,192341,18463
23/02/2021,383,4146760,8523,winter,1,326692,26317
24/02/2021,368,4156707,9947,winter,1,448962,31613
25/02/2021,310,4166727,10020,winter,1,485720,35319
26/02/2021,312,4175315,8588,winter,1,504493,32773
27/02/2021,222,4182772,7457,winter,1,407503,27322
28/02/2021,218,4188827,6055,winter,1,185900,19684
01/03/2021,261,4194289,5462,spring,1,203168,28282
02/03/2021,252,4200700,6411,spring,1,224996,51314
03/03/2021,230,4207120,6420,spring,1,278956,68450
04/03/2021,238,4213764,6644,spring,1,376244,70206
05/03/2021,198,4219788,6024,spring,1,437463,56772
06/03/2021,171,4225906,6118,spring,1,416834,31562
07/03/2021,148,4231166,5260,spring,1,164143,20241
08/03/2021,166,4235989,4823,spring,0,215273,38788
09/03/2021,168,4241858,5869,spring,0,217301,72922
10/03/2021,191,4247879,6021,spring,0,243887,97162
11/03/2021,183,4254714,6835,spring,0,260809,93563
12/03/2021,163,4261398,6684,spring,0,369578,87676
13/03/2021,135,4267015,5617,spring,0,512108,52155
14/03/2021,107,4271710,4695,spring,0,257010,25371
15/03/2021,152,4276840,5130,spring,0,386685,53366
16/03/2021,134,4282203,5363,spring,0,433320,95799
17/03/2021,129,4287996,5793,spring,0,462246,119609
18/03/2021,120,4294328,6332,spring,0,528260,132016
19/03/2021,132,4299200,4872,spring,0,614930,125725
20/03/2021,106,4304839,5639,spring,0,752308,91977
21/03/2021,99,4310195,5356,spring,0,367006,52612
22/03/2021,111,4315602,5407,spring,0,329897,82300
23/03/2021,106,4321019,5417,spring,0,325650,169155
24/03/2021,93,4326645,5626,spring,0,337665,242642
25/03/2021,119,4332922,6277,spring,0,324942,234382
26/03/2021,114,4339157,6235,spring,0,411305,283654
27/03/2021,82,4343066,3909,spring,0,424301,238861
28/03/2021,79,4347013,3947,spring,0,293548,147594
29/03/2021,89,4351796,4783,spring,0,236809,168230
30/03/2021,85,4355867,4071,spring,0,225917,277682
31/03/2021,93,4359982,4115,spring,0,239434,387574
